PatientID,TFH,TregCMI,TregCMII,TregEFFI,TregEFFII,P-value,Correlation,RMSE,Absolute
CTSP-ACZT,3.15770037597713,1.99596560175824,2.0766261134341,2.1979580707978,3.11676600544662,0,0.264475513848891,1.05787099323578,12.5450161674139
CTSP-ACZU,2.74951959913773,2.02391111038049,2.85213758674076,3.69046183888801,6.69296913660946,0,0.239832654587683,1.05948829096778,18.0089992717565
CTSP-ACZW,0.270021321003033,4.65446279181104,1.67234871193628,0.46927064531905,4.24041270247695,0,0.218969046269962,1.03347486518185,11.3065161725464
CTSP-AD2E,2.76266265029065,2.23198373538524,1.41811702247837,2.50981675006928,4.36474889700554,0,0.175406150061365,1.11039372259336,13.2873290552291
CTSP-B02B,3.66070759284053,4.004599855,2.34605158544165,0,2.19492380126068,0,0.379246159308198,0.979624691989849,12.2062828345428
DLBCL10502,0.693749967283956,2.49404988198373,2.18300366064671,2.98618182346433,3.9612457033427,0,0.216763797411,1.04789852973382,12.3182310367214
DLBCL10521,0,5.82186223214121,1.07005237878305,2.32299187159516,6.47729987229109,0,0.200696727445774,1.05138934303478,15.6922063548105
CTSP-ACY5,4.71215004222561,2.69448280359217,2.61227806994745,4.50388506612353,4.59416583803787,0,0.570566461013942,0.833048541845525,19.1169618199266
CTSP-ACY6,1.16823048775417,3.1873861807622,2.51911529186792,3.58800729502488,5.14983394788404,0,0.223076818044056,1.04682239994275,15.6125732032932
CTSP-ACY8,1.64251939335824,2.77077712650994,2.86022622990398,2.37967088110302,2.25715803122506,0,0.210355073989929,1.05028038460893,11.9103516621002
CTSP-AD4K,4.62608563044055,2.00358446906147,3.37584156506257,7.28110645564033,6.8271154826975,0,0.507827603189688,0.882681780222465,24.1137336029024
CTSP-ADRS,2.27561395625133,4.58920491146135,1.66086978188311,1.51978142175425,2.7560729409056,0,0.35578993470004,0.969866662264443,12.8015430122556
CTSP-ACYH,3.34997685174631,1.42784569733578,2.93806580518484,2.63164058254041,4.15114406796719,0,0.374267161358059,0.980979821072505,14.4986730047745
CTSP-ACYJ,3.607770710211,3.52737787837025,1.61133987554748,3.05562248900357,2.03380520396311,0,0.345646844843242,1.00112280086685,13.8359161570954
CTSP-ACYM,2.80489679264831,1.61376443087194,3.03134425428919,3.90689411253187,5.23862134168509,0,0.322514322180327,1.00734539275342,16.5955209320264
CTSP-ACYX,1.52279403475935,3.62977278893982,1.27030602747179,1.89850785943527,9.68934566372411,0.29,0.031764290732527,1.17716903836573,18.0107263743303
CTSP-ACYP,0.131213065500979,3.50146388978859,2.30346785449083,1.7560061143862,2.67618155491519,0,0.210455667277965,1.03495996422098,10.3683324790818
CTSP-ACYS,3.67361515006257,1.77666168373174,3.88004499163538,1.2287063164016,2.74122479403425,0,0.436150997989891,0.935469728081343,13.3002529358655
CTSP-B02I,1.14892019276214,1.10705229503913,3.69138096883893,3.60514267645285,4.45175492807851,0,0.199190607122783,1.06656576361364,14.0042510611716
CTSP-ACYV,2.73991040400098,2.016342699328,2.77985635830791,3.37030972863201,3.4099256856945,0,0.327975413126779,1.00078829425743,14.3163448759634
CTSP-B02H,0.982850265484574,4.22022742652584,1.28892060327812,1.25071368892443,4.30479139447214,0,0.17280842725879,1.06786108956416,12.0475033786851
CTSP-ACZC,0.437576077221472,2.37617214610363,3.32244782841631,3.54115322098285,5.99239085464085,0,0.190534696755057,1.06473906334213,15.6697401273651
CTSP-ACZE,3.24164397557361,2.83041255437661,1.83989606329834,3.06561580061362,3.77243678189237,0,0.39166091105007,0.964327944609363,14.7500051757546
CTSP-ACZK,2.00304155974726,2.40562297040242,1.46539827789822,5.25900567335335,4.98084036849882,0,0.220198135769111,1.0720872760709,16.1139088499001
CTSP-ACZS,0,4.46444858687842,1.48142566828016,1.23600592917181,4.06374658303975,0,0.180183631221726,1.05459487980955,11.2456267673701
CTSP-AD0Z,1.3168026116303,2.24461134963993,1.45097498804789,3.26348635505028,4.77235993904806,0,0.228804666064765,1.05665011511846,13.0482352434165
CTSP-AD05,0.295148510505741,2.38949258698125,4.08715132127758,2.19273151909831,4.27340074491285,0,0.2028049640439,1.04477819789674,13.2379246827757
CTSP-AD13,1.18091998999009,2.82375664120695,1.70016560750171,3.6058713150919,3.94230550517217,0,0.200653352455184,1.06438190413473,13.2530190589628
CTSP-AD14,0.354615144562145,2.07019295107126,2.33498221800958,3.35790450841744,7.50320300584183,0,0.243824212797281,1.04531405718793,15.6208978279022
CTSP-B02F,0.686196055987142,3.31441982824032,1.37658174663922,0.81695792968962,3.5498085837882,0,0.147393911734852,1.07823976424049,9.7439641443445
CTSP-B02E,0.530699969710621,2.51212153904554,4.609297993706,7.17129984793206,6.7563798496862,0,0.205292854784083,1.06295943457837,21.5797992000804
CTSP-AD18,1.40526122590655,3.69456195908809,2.63058759574031,2.48571436119697,3.95205785710216,0,0.236826786056123,1.03247332700426,14.1681829990341
CTSP-AD1A,4.62336831802349,2.16969915118251,2.6262614505118,1.7117442896654,3.9429067093175,0,0.542249379652964,0.864465944301569,15.0739799187007
CTSP-AD1R,3.71630553818959,1.93898553580259,2.64346037254562,2.10673484360554,3.15144996315507,0,0.249102551207529,1.07335358582002,13.5569362532984
CTSP-AD4F,0.806661068596488,2.43619264260461,2.57758669076467,5.04605804218648,6.3477299779146,0,0.185039003988031,1.07856809628199,17.2142284220668
CTSP-B02D,0.84806790581349,2.93963670365068,1.26219469071339,1.49048339928932,4.05669931760154,0,0.211274518836205,1.05139819709264,10.5970820170684
CTSP-AD1Z,0.891381063766439,4.28921220782073,1.51786249366437,1.35264787914231,3.05824939172835,0,0.190198957441846,1.05219897239913,11.1093530361222
CTSP-AD28,0.666396726913164,1.61155990278016,2.97757006415764,3.2193989222257,5.41775724733803,0,0.227706969723657,1.04858450825422,13.8926828634147
CTSP-AD4Q,1.15214889966246,1.46019819873601,3.04229955266374,3.29950981305771,4.08137381848994,0,0.243277379758587,1.03973650422186,13.0355302826099
CTSP-AD4C,3.07776976834911,1.92543849817661,3.0827130992787,0,3.15106397298946,0,0.236627619666835,1.07414717693327,11.2369853387939
CTSP-AD4V,0.942148544360838,2.70738162982751,2.14815257818675,2.42001473817102,4.28420538080875,0,0.225136908788694,1.04302785749137,12.5019028713549
CTSP-AD50,2.93398761861351,2.29248606156087,2.16532435645538,2.46366866432871,4.05983113860686,0,0.184241948575065,1.09846486518041,13.9152978395653
DLBCL11255,0.620392882539028,5.76258536280393,1.11575680081203,1.47676891184544,2.64428942579427,0,0.277762234744837,1.00187645780751,11.6197933837947
DLBCL11256,0.918863645197922,2.05512598281233,2.92993287268261,4.35498866084544,9.48844748346836,0,0.182923475298453,1.08744687488998,19.7473586450067
DLBCL11257,2.18376526174055,2.67954483371673,0,4.95390308631549,6.14563007504175,0,0.219940136170557,1.08621591411088,15.9628432568145
DLBCL11258,1.77542402998898,2.42681000760218,2.54257911267775,1.66336811072065,3.80495601048985,0,0.204191156076284,1.06176672299085,12.2131372714794
DLBCL11259,2.77940961100618,2.6674586025409,1.6722792376611,1.28843238989565,2.79539980186127,0,0.193273184815285,1.0958783658381,11.2029796429651
DLBCL11260,1.7140142218432,2.18380936478984,1.57254971257505,2.90084406380114,4.30528974400443,0,0.190957872025731,1.08183110009328,12.6765071070137
DLBCL11261,0.52804481501926,3.56807245627942,0,2.16732454648518,5.30346286949432,0,0.242275594843172,1.04310431797465,11.5669046872782
DLBCL11262,0,4.85327032105114,0.84220007988389,1.62767805830528,5.85730792876385,0,0.198449655462036,1.0540725727094,13.1804563880042
DLBCL10116,3.98605053747494,3.76773290081288,1.62002037390851,2.25234101977456,1.57225419857746,0,0.264234273877617,1.06623877967557,13.1983990305483
CTSP-B02C,1.6171762630659,3.5439229348757,2.13882867275037,2.47077494874733,3.04272754415755,0,0.250427127240782,1.02822584219808,12.8134303635969
DLBCL11646,0.197351761056453,2.34561538703869,1.14384388791473,4.25855535135638,7.8202765049825,0,0.234678361256515,1.05951191672208,15.7656428923488
DLBCL11648,5.28012532194598,2.28806063287124,2.09265806957775,5.64550677510384,4.68674998618576,0,0.45050330734515,0.939723495378284,19.9931007856846
DLBCL11649,1.56327062818103,3.90009683885454,0.684234913360614,1.42111860030796,4.38252266229072,0,0.171023682499289,1.08384521219596,11.9512436429949
DLBCL11242,4.13487335947754,2.79910790656182,6.27883420529762,2.99214784929362,6.56674933994582,0,0.522844269697916,0.859703695935451,22.7717126605764
DLBCL11180,1.09965858298486,4.64889388653464,1.40091243891349,2.12210267112246,3.92049055821315,0,0.174290042431747,1.06611084785881,13.1920581377686
DLBCL11181,2.99303131597999,2.92943673052045,3.22450573235412,4.44448977508302,6.59015594950306,0,0.173065750938955,1.09355078571362,20.1816195034406
DLBCL11182,0.275746290766865,1.77644984573692,5.00421793294044,2.50558440641782,5.67138705729333,0,0.20232289650821,1.05094792946842,15.2333855331554
DLBCL11507,2.95122813244173,2.92878877788887,3.46906501861563,1.63114927718808,2.97498805533967,0,0.266111583888485,1.03261319228552,13.955219261474
DLBCL11184,3.31163031079803,2.51642657627748,1.53151064681598,3.12547899649683,3.81520666180787,0,0.346539319594617,1.00209535876019,14.3002531921962
DLBCL11185,0.356393104195716,1.44081176989549,2.16982643000094,2.33232982726878,6.12588547903957,0,0.218566001328443,1.06037626257067,12.4252466104005
DLBCL11186,5.6566885344247,1.1752660326154,3.48245493723864,2.45186506483288,4.95918047311176,0,0.524098385211601,0.88757305748517,17.7254550422234
DLBCL11187,0.777556449078246,1.52288154094572,4.73477239051095,1.5583195276968,4.44583731340901,0,0.201172461030939,1.04972637664275,13.0393672216407
DLBCL11188,4.15959786570028,5.44494398764392,2.11472320817899,2.95670564566276,3.09791157361143,0,0.585433357058908,0.813991090285936,17.7738822807974
DLBCL11191,3.19010409179693,1.51817182904867,3.61884977642508,2.29370584902971,4.60065410032126,0.03,0.118114709745508,1.13675636289893,15.2214856466216
DLBCL11193,3.74874314815057,2.82184289032992,2.90880232949507,3.19254290755607,2.36600321786869,0.03,0.123827290806744,1.13819057016575,15.0379344934003
DLBCL11195,1.10353396624386,2.54450506463857,4.35945144863091,5.19685451022533,6.19844832960404,0,0.137861178869983,1.09680373984438,19.4027933193427
DLBCL11196,3.28505962006366,3.79212789328889,3.23482265516825,5.50729898345789,5.34599970530549,0,0.318150986695391,1.00172970580775,21.1653088572842
DLBCL11197,3.15737103896139,1.96020164009063,4.44987382544544,5.3111372947875,4.59568046005179,0.03,0.11579059610276,1.12729059079543,19.4742642593368
DLBCL11595,2.39040968999296,1.97599256610736,2.61715439267591,3.27960646594609,4.59998998024027,0,0.232916419841785,1.0590624656481,14.8631530949626
DLBCL11201,0.825059251817382,4.45921501253355,0.792350176051334,3.6060719775094,4.37342877106396,0,0.234268652280736,1.0396834226989,14.0561251889756
DLBCL11202,0,1.73098948853051,2.62135118892813,6.65531392464081,7.89260582200284,0,0.375415683966907,0.968713509279073,18.9002604241023
DLBCL11203,2.87571137464666,1.80260994390608,2.25554732741736,3.47416320692962,3.54224357029095,0,0.196947408722794,1.09356097094273,13.9502754231907
DLBCL11204,0.843672705347578,2.22986734393407,2.65451257244438,3.32015842280776,5.38939739313512,0,0.216474184541127,1.05364430437177,14.4376084376689
DLBCL11205,3.53556193733392,2.1716188861634,2.44595078703222,3.23483042034266,4.73257840970512,0,0.205125781037604,1.09263481699827,16.1205404405773
DLBCL11206,1.29750170863122,5.07765987098974,2.40050071648849,2.34847466421052,3.86542857625267,0,0.213274124706704,1.04087535490837,14.9895655365726
DLBCL11596,3.87843717316163,3.86359900204412,4.3153264807931,6.11538075514896,6.09644652712514,0,0.173645806135873,1.09071218653723,24.2691899382729
DLBCL11208,2.48009362725307,1.83105222401831,3.69379346990534,8.17590293439319,4.26016492156584,0,0.238157400214396,1.06032798459366,20.4410071771357
DLBCL11209,1.56344798166272,1.84628940558556,1.78155339560085,2.54549617736176,3.90643128142535,0.01,0.128202254814353,1.11618611469461,11.6432182416362
DLBCL11211,0.324960037717278,3.04775809718411,1.22002898894042,3.67888848896027,5.3727244276978,0,0.232157096578436,1.0464904557285,13.6443600404999
DLBCL11213,3.31819323606774,6.30793636358087,0,1.49515033386912,3.05652313549467,0,0.268652368000179,1.04512595003043,14.1778030690124
DLBCL11300,1.5846497481779,2.20291057631824,2.9161685753449,4.02256588742109,5.88885431478414,0,0.201937919401966,1.06907259176972,16.6151491020463
DLBCL11271,3.44866439370923,1.93429798161039,2.06766758250934,4.25449511184339,4.43572244208488,0,0.236616316831637,1.07679297569077,16.1408475117572
DLBCL10833,3.12919753739939,2.38331600132418,1.88278224640207,1.66046954638206,2.86682755277978,0,0.212753760963323,1.09111647964139,11.9225928842875
DLBCL11456,2.09432203262306,3.14806729112858,2.55102920608878,6.49754589189274,6.06404774534352,0,0.179906693393882,1.08767802084049,20.3550121670767
DLBCL10834,0.81664930056948,3.48225126569571,2.22588858434026,3.417882988455,6.1729668076573,0,0.177293601976175,1.07312588540033,16.1156389467177
DLBCL11457,0.494926420060047,4.05879009172098,2.32504111576753,3.57052153401656,5.35769287483584,0,0.182720859716893,1.06324782889116,15.806972036401
DLBCL11458,3.78660049150298,1.85867369544613,1.79162573838103,4.16727147403834,4.182541374221,0,0.239991744651076,1.08411615834754,15.7867127735895
DLBCL11459,1.65412324348138,3.29088246491209,2.80886573399809,3.74138632076115,4.61369903083447,0,0.290625509214497,1.00776021407337,16.1089567939872
DLBCL10835,3.08962475248374,2.11253398719791,2.79262037285913,2.24264514094901,3.26300287760833,0,0.29548727458389,1.02691164894231,13.5004271310981
DLBCL10836,0.79634937533931,3.34494557596766,3.44945243947514,3.93907005116021,4.15994445184147,0,0.216713150789714,1.04253961336332,15.6897618937838
DLBCL10837,1.63713850782688,2.16379605004596,1.23742267359898,2.06602904531767,5.60338610722206,0,0.182082526531448,1.09273930649813,12.7077723840116
DLBCL10839,2.66365598734369,2.60690085756463,2.30396970423738,4.59098489655398,5.31005667492808,0,0.186322116052258,1.08997124408576,17.4755681206278
DLBCL11460,2.70165974877524,4.07780120748073,1.02325416506539,2.81206242422212,2.96334944008474,0,0.357257319881841,0.979904031846949,13.5781269856282
DLBCL10838,1.84258246309279,2.56353063434335,2.03043859447653,3.8561947915169,5.02060510912188,0,0.347222987764237,0.982075391499748,15.3133515925514
DLBCL11461,3.1886082569355,2.08547461142081,1.5395131968205,5.36557902232278,3.16472972260688,0,0.539344601814178,0.858514248756567,15.3439048101065
DLBCL11462,2.80223222901973,1.53784945136449,2.24651032302153,2.83372366140443,4.13269134820622,0,0.30492481366992,1.02590272418791,13.5530070130164
DLBCL10842,0.258408349233769,2.96742952639171,1.39852876299003,1.94690380209502,4.92579434036235,0,0.236653719333679,1.03603084046918,11.4970647810729
DLBCL10843,3.57465563165219,4.27234861042602,1.0051319449223,1.47588083949116,1.7259198656238,0,0.35073476202649,1.00401795648112,12.0539368921155
DLBCL10844,3.77610984281887,3.35311851291939,2.03496562170439,2.78119628442391,4.73262430775932,0,0.355427409694798,0.990671564381097,16.6780145696259
DLBCL10845,1.9763637561032,3.42313850565798,2.0979963513433,2.59985290942528,3.40265376878307,0,0.383325032909152,0.951804004772148,13.5000052913128
DLBCL11463,3.06843821736212,1.10623714317089,3.31638347309594,3.88926064128581,5.61414435316102,0,0.22396477001278,1.07663394499119,16.9944638280758
DLBCL11464,0.811295129974931,1.88769256451025,2.12499912698777,2.53056107390961,6.60069373002156,0,0.245138812567304,1.04497608721156,13.9552416254041
DLBCL10849,0.647219831964806,4.70202472704023,2.53677688329763,1.9917279479401,3.41700349917488,0,0.196216302650951,1.04430323755342,13.2947528894176
DLBCL10850,1.13424819691909,1.17317173234221,3.94453120825856,2.30937968667696,5.99129769564517,0,0.181158072871203,1.07668796862045,14.552628519842
DLBCL10851,2.39313810131004,5.425756932497,0.897545028209193,2.12042645408124,3.721770465726,0,0.179801152639226,1.07920884788573,14.5586369818235
DLBCL10852,2.26683881889372,4.2962622719864,2.04232161750102,3.05611634560671,2.29159614870855,0,0.210613427323552,1.05737694668923,13.9531352026964
DLBCL11466,2.75935838206208,2.95731987498668,1.89653195843449,5.07429077730324,5.43622146868487,0,0.254139312242202,1.05008941091546,18.1237224614714
DLBCL11467,0.645320520461329,9.8405523407767,0,0.525697105461091,0.680168624449738,0,0.248883407329839,1.03919744447794,11.6917385911489
DLBCL11428,0,2.84601550679057,1.20397867849078,2.25609081080205,6.40174371910855,0,0.222335888028802,1.05299390465367,12.7078287151919
DLBCL11429,2.47298703871884,2.82664910757076,1.44934493529767,2.59586672777101,3.29288716010519,0,0.226500132236871,1.06611636180245,12.6377349694635
DLBCL10853,1.26146533228913,2.35143750093332,2.11963109534133,2.94785434769916,5.45953962874053,0,0.252087236062874,1.03727951327633,14.1399279050035
DLBCL10854,0.223294598648922,3.55542210106667,1.57235553416193,2.50075016432647,3.91991850823014,0,0.260020440015946,1.01673307415602,11.7717409064341
DLBCL10855,3.97735912521839,3.25839740148448,2.82492426469997,2.8727904180634,3.95462491487096,0,0.504049517665163,0.880666069657408,16.8880961243372
DLBCL10856,3.23082629263255,2.20681492090734,1.94994693832767,2.4981627460553,2.90410424355593,0,0.217830699251346,1.08834033270031,12.7898551414788
DLBCL11468,6.83645978091079,3.10972969782399,1.04490171257693,2.53236978411626,2.14238646432986,0,0.574920629404488,0.87339110136881,15.6658474397578
DLBCL10857,1.93211942335508,2.6644725654044,2.20382712304935,1.87033154607126,3.6363301836775,0,0.265022261756909,1.02849150131098,12.3070808415576
DLBCL11430,3.34672439124648,3.42772264021674,0.536509189660854,2.51815901778555,5.12392102362136,0,0.238254512359718,1.07740664115347,14.953036262531
DLBCL10858,0.770804201050799,2.10030228353897,2.18590648870461,3.28637353236772,5.88936440655961,0,0.227400061053348,1.05219111869535,14.2327509122217
DLBCL10859,0.697582351964153,2.07921320926242,2.4309997003722,0.79001791455867,5.45271049266183,0,0.19606168819673,1.06289874072467,11.4505236688193
DLBCL11469,0.856913636521327,6.18249795766337,0,1.83038774343385,3.77639531200916,0,0.377215303464492,0.949580594401399,12.6461946496277
DLBCL10860,1.23602170393099,2.4710886052792,2.17894847768212,2.94996844511479,3.84978691576555,0,0.237034828945254,1.04046025656543,12.6858141477726
DLBCL10861,0,3.52245531761969,1.32399383227001,3.79731592527235,5.22405690773853,0,0.272005234266441,1.01869026562007,13.8678219829006
DLBCL10862,1.16502986664678,2.73298236165422,1.54885372299729,3.58369735673756,4.29031600461801,0,0.244253927752881,1.04095713893576,13.3208793126539
DLBCL10863,3.69738738103598,1.8186431702887,2.58862369103287,2.49185735471765,2.55676736611342,0,0.46256344360486,0.922307280507375,13.1532789631886
DLBCL10864,0.988810814910794,2.26764123259542,2.14912248233818,3.32726430119256,4.59373066051388,0,0.236961234517839,1.04310211167446,13.3265694915508
DLBCL10865,3.28791904045217,0.501166295263184,2.35023098359439,2.10369817167785,4.52359975616044,0,0.294419032205957,1.05580619686297,12.766614247148
DLBCL11470,2.46006510897624,2.65523393194674,1.48194004727115,3.66773543318076,3.625291101664,0,0.194834977751442,1.08717104455615,13.8902656230389
DLBCL10866,1.29165423868807,3.12214583190638,2.44383067269403,0.17860718876198,5.77695593586344,0,0.212340251563667,1.05380587646549,12.8131938679139
DLBCL11471,4.25368113966506,4.50646098781523,0.887881320671087,1.6243855492381,3.2723391217595,0,0.412454191446576,0.962904896423822,14.544748119149
DLBCL10867,0.297671758198872,3.53610548571179,3.52195645714576,1.09278031572981,4.93643066610302,0,0.194251870259944,1.04648828864068,13.3849446828892
DLBCL10868,3.02664156093168,3.20701735731491,2.24184043031216,2.72718406786081,2.41765832806207,0,0.21546495010786,1.07221516711359,13.6203417444816
DLBCL10869,1.39086435634649,5.68848911807719,0.185338601849488,1.7869527616923,3.17965035126828,0,0.337514588288456,0.977057556060773,12.2312951892337
DLBCL10870,1.61619366727308,2.76738054130746,1.49794395832045,2.01122219423159,4.97945657598585,0,0.238732016218838,1.04787041786154,12.8721969371184
DLBCL10871,3.73837304134812,2.46892070695564,1.49439770827542,1.38672186733357,4.29127474974537,0,0.444614503527049,0.941308493999215,13.3796880736581
DLBCL10872,0.658324895610543,3.31590714473521,0.823354991635205,1.84095312668236,5.05131344361037,0,0.222343495316472,1.04893034526932,11.6898536022737
DLBCL10873,0.754610026037045,3.52184723585827,2.66659453044847,3.46233354580733,4.51199487947778,0,0.20301338008744,1.0514153050632,14.9173802176289
DLBCL10874,1.02856323393221,2.64172341000512,2.68983721488026,3.04263039311817,6.45143801468655,0,0.185904629370795,1.07216894714796,15.8541922666223
DLBCL10875,0,1.74583743157104,1.20640832303094,2.96226585221324,7.86087810375491,0,0.195874825891138,1.08700947642208,13.7753897105701
DLBCL10876,0.614095467880936,2.74255973197782,2.69678302774715,2.56051061680079,4.01193083544249,0,0.165407895248155,1.07023512800879,12.6258796798492
DLBCL10877,2.36961871293013,3.23701324339035,1.19079572922443,1.5683479250706,4.46404983401875,0,0.180206096894925,1.0929708945942,12.8298254446342
DLBCL10878,2.32716667562001,3.2489194464928,0.907481148079291,2.066363584411,2.8826010414262,0,0.267096140099358,1.04043684857688,11.4325318960293
DLBCL10879,0.0207046402822635,5.49695854546937,2.35710623376379,2.52935651579716,4.24955836220643,0,0.26844687511763,1.00557536761346,14.653684297519
DLBCL11431,3.19076269728659,6.35993113101914,1.12301966438543,3.9049492584277,2.67457240768472,0,0.271588835878519,1.02933713044808,17.2532351588036
DLBCL10880,0.699563631843085,1.94225201227328,1.34892863529527,3.72901441907966,5.26827710042949,0,0.301849867994441,1.01270707479748,12.9880357989208
DLBCL10881,0.980750378842293,2.31194385509762,2.3026719392354,3.47205064426924,4.18778984434235,0,0.199970971721612,1.06271571961011,13.2552066617869
DLBCL11518,0,2.37011386583497,1.80045018106699,3.96422800822105,5.98473586001567,0,0.219595106481139,1.05714943789099,14.1195279151387
DLBCL10883,2.25239818706934,2.45928449929433,1.91500420564066,3.03697278378843,2.70685996501469,0,0.247695645061509,1.04825702647657,12.3705196408075
DLBCL11432,1.73991313586778,1.9383198065626,2.60572930991997,2.83348479322951,3.85268632453142,0,0.314942773670597,0.99907853919578,12.9701333701113
DLBCL10884,1.1629220844065,3.24400025819269,1.25579570822452,1.73832970519102,5.06080497982658,0,0.228928955115737,1.04685806675168,12.4618527358413
DLBCL10885,3.40024658141895,2.87320513034315,1.91586683644065,2.32802125981266,3.03157431500195,0,0.505079232983587,0.882555672814404,13.5489141230174
DLBCL11472,2.66880495487018,3.57737628113771,1.83399821797128,3.10404772564465,2.95198901250028,0,0.403084367008108,0.94605206034637,14.1362161921241
DLBCL11433,0.843560864817026,2.25652017165998,2.7710508978854,4.31334448036287,5.56598712579202,0,0.257262228596739,1.03201901722043,15.7504635405173
DLBCL11434,0,1.30273597411627,2.71481338799055,3.33262668431082,7.70669705506168,0,0.159248705827311,1.1001696121272,15.0568731014793
DLBCL10887,1.16891707527476,4.429954205554,0,2.22725414962972,3.18793958497299,0,0.272007205186238,1.02042292097411,11.0140650154315
DLBCL10888,0.103508084922979,1.15236505957794,2.54396949174231,4.48604578422438,5.84989466698258,0,0.284337906056109,1.02417411807305,14.1357830874502
DLBCL10889,0,1.75682495142206,2.12716735755178,4.0426487874245,6.91342176409135,0,0.249202783516689,1.04506908916033,14.8400628604897
DLBCL10890,2.99744954258528,1.73238951368555,2.88337255245806,1.81622572919968,3.31819901511212,0,0.225743822374327,1.07409940167635,12.7476363530407
DLBCL10891,3.38380200844366,1.83563235149544,2.72946294497527,2.10581309922634,4.5399413346524,0,0.222410838127515,1.08232197745181,14.5946517387931
DLBCL10892,2.74686485124622,2.30487636207325,3.82151495524255,5.36304052297603,4.45207153587644,0,0.210981967061449,1.06846620691621,18.6883682274145
DLBCL10893,0.558971473048975,2.46829763765191,1.97874481223852,1.48066159247498,5.13848111706795,0,0.19296459465263,1.0623647692036,11.6251566324823
DLBCL10894,1.7617124156596,2.67193818919933,1.66660778194462,3.14390566137655,4.17504460067837,0,0.238954860006953,1.04849363215538,13.4192086488585
DLBCL10895,2.31205930819657,1.95787809934056,1.21233264763606,2.07757634660751,4.61628890309783,0,0.345484654911402,0.998303502279822,12.1761353048785
DLBCL10896,3.12318527157244,3.17414375995346,1.74223760424722,3.15712468654438,3.90539629345067,0,0.385671613376274,0.965407194912597,15.1020876157682
DLBCL10897,1.0909206571271,2.94505694967121,2.74467163758956,1.8114451579626,4.29717942249848,0,0.227634942340981,1.03719758160806,12.889273824849
DLBCL10898,1.47744843311938,3.33706219665942,2.04180864073642,2.86083960434278,3.22528740071868,0,0.287423707571415,1.00751480890565,12.9424462755767
DLBCL10899,3.7842132687144,2.21668772450735,1.74907125267645,3.65949728065659,4.33507574685227,0,0.493014601496476,0.898035339988327,15.7445452734071
DLBCL10900,1.66833253371337,2.90620888257649,1.74982924688718,2.27480263351651,3.65711530321808,0,0.218580637161916,1.05448645772114,12.2562885999116
DLBCL11473,2.26919320868536,2.41339290264573,1.88847980900542,2.31454185791227,3.03637685227483,0,0.290162555839402,1.02213165377544,11.9219846305236
DLBCL11474,0.682549024327903,3.90097801135993,1.50481355320511,0.169282538311327,5.00157411557217,0,0.188758432300151,1.05912452468836,11.2591972427764
DLBCL11475,2.32380079439295,5.71448045363942,0.671482658432368,1.87001091353032,1.28465218313459,0,0.370877473246317,0.964702089821053,11.8644270031296
DLBCL10901,1.45420363198154,2.81657421024548,2.20606100492832,2.43287049124633,3.05138072718797,0,0.169932882646277,1.07557032094899,11.9610900655896
DLBCL10902,1.15853223096823,1.44680132452003,4.32660428452354,2.08702462852333,3.04471942696927,0,0.222534491663753,1.03945612906661,12.0636818955044
DLBCL10903,0.819459337729971,6.19742928964205,0.966892888117194,1.83910506971077,2.35298854791513,0.01,0.131483683352061,1.08315329894067,12.1758751331151
DLBCL10904,2.51816454220424,2.81608515290576,1.99369593602525,2.7026164343347,2.36185714113078,0,0.281136441088638,1.02795073230511,12.3924192066007
DLBCL10905,1.60453017691262,2.7759781184734,3.37192846219459,3.04807982275941,7.26604393469585,0,0.214674892334462,1.05721651017432,18.0665605150359
DLBCL10906,0,1.35333793616117,1.59966085476267,4.83977385564672,5.60515508409994,0,0.270804351278196,1.03871856331473,13.3979277306705
DLBCL11476,1.07060814994605,2.3829505797159,2.12715184661743,3.07469629784175,6.60914447542495,0,0.184112212156194,1.0797328321219,15.2645513495461
DLBCL10907,2.0857045260944,2.67615310696079,3.62350812645245,1.26259058359472,2.6423916641554,0,0.262134948661318,1.02263464279555,12.2903480072578
DLBCL10908,2.60545337909873,4.08149337859248,1.72279859250828,2.84496808841025,3.98999555350054,0,0.244544328142452,1.04519586563521,15.2447089921103
DLBCL10909,0.665575447437622,2.34229217210488,1.94642301475532,2.37197342354599,6.28550994941804,0,0.230452262493904,1.04905225047097,13.6117740072619
DLBCL10910,2.94253124678869,1.71327527967626,2.45530857712902,2.30036552379222,3.36657135686382,0,0.251025816480815,1.06068015714465,12.77805198425
DLBCL10911,3.22541754974253,5.01105027907251,2.37446350778265,1.6313904177723,1.67168477211689,0,0.231018088276228,1.05602391318516,13.9140065264869
DLBCL10912,0.969305653978777,4.03450252422317,2.17406938805576,1.59574243105745,4.36249624278058,0,0.180190288532117,1.06012244385155,13.1361162400957
DLBCL11477,3.32188529906277,1.92563243029066,1.19627903919411,3.4161659758423,2.10681780603652,0,0.226348989025551,1.10088475534165,11.9667805504264
DLBCL10913,2.94557638695218,2.29842002299077,1.55880154934555,2.99922149749803,2.92927892655376,0,0.256099638792511,1.06053759408653,12.7312983833403
DLBCL10914,3.43731598563054,1.86968749265261,2.8690414002569,0.922266432950329,2.97764511423904,0,0.267952722266786,1.05948284639049,12.0759564257294
DLBCL10915,0.349836610018332,2.13188958426585,1.69380665353884,2.68193869517617,6.68924843420152,0,0.315041250232701,1.00102870333278,13.5467199772007
DLBCL10916,0.524428637009505,3.71634102499346,1.84920005006109,2.01623261348422,3.69721445419244,0,0.182529589791198,1.05685805345117,11.8034167797407
DLBCL11478,3.97433992379913,2.79273524553044,1.42219004839201,3.36248743349372,3.61348011323933,0,0.424828927222808,0.95266200845864,15.1652327644546
DLBCL11435,0.949045079852901,1.89257119678629,3.11963957107853,2.59233289122311,3.79971795948699,0,0.231555997401056,1.03831065926715,12.3533066984278
DLBCL10917,1.22422659703295,2.94373986249454,2.26924416183646,2.18400815184105,4.38552555860282,0,0.169847931216698,1.07461946337523,13.0067443318078
DLBCL11479,0,2.20889467380529,0.933556284456589,6.11099762205282,5.48007791180325,0,0.244440925184289,1.05742479366245,14.733526492118
DLBCL10918,2.17196043864413,1.99412145254171,1.77382346088735,3.47071903888377,3.78386964591663,0,0.255280375310438,1.04887298668596,13.1944940368736
DLBCL10919,1.42877911553684,1.9126790501796,3.62932878295718,0.405783351559924,4.24690740455094,0,0.200490478818896,1.05737918035962,11.6234777047845
DLBCL11436,0.36720620738259,3.73987666870164,0,3.26619814321513,4.62653707338097,0,0.188230944970898,1.07354068647312,11.9998180926803
DLBCL11480,3.08384027750298,2.9924192397591,2.56092750037481,3.00340569337747,4.15963818926044,0,0.198184802936836,1.08142348652233,15.8002309002748
DLBCL11437,0,1.34717719623407,3.10181154493732,4.23841199818758,12.2031262762841,0,0.310497946395407,1.0166638241308,20.8905270156431
DLBCL11481,3.03503351951247,3.831284008712,2.07636521269409,5.44014923072171,4.85694596656698,0,0.198399720773661,1.08016154432949,19.2397779382073
DLBCL11482,0.599158169514474,4.70770485065187,1.27899455858899,2.32778115810164,3.11234757413136,0,0.171549971513202,1.06260720027482,12.0259863109883
DLBCL10920,1.12035164698308,1.02485189857954,3.4621376375249,4.55116199248976,8.48410176879858,0,0.187874872768397,1.08797301518012,18.6426049443759
DLBCL10921,0.941840528750887,1.58216716807454,1.82752094950292,3.78653253458727,5.51610763221571,0,0.244350311553296,1.05037530383839,13.6541688131313
DLBCL10922,4.28078019248905,2.59220067481407,4.26522206274903,2.0017456511295,4.83595094318275,0,0.599003032717655,0.804035824185287,17.9758995243644
DLBCL11483,3.70583596408756,4.24448130468461,1.10360098230585,2.16912884217733,2.02241277545987,0,0.358696009828851,0.995317026198258,13.2454598687152
DLBCL11519,1.19080963556085,2.0032559218607,1.51306601185821,3.64393732095799,5.56811824959309,0,0.19857872609136,1.07851509484959,13.9191871398308
DLBCL11484,1.62291733370385,5.77313814962134,1.27523454092415,3.17354897057802,2.91462015252961,0,0.189914542908348,1.06076658137618,14.759459147357
DLBCL11520,1.30853276292112,1.93611627363905,1.91999115505955,4.22895973128815,7.16483818193104,0,0.147687145737006,1.11235755073589,16.5584381048389
DLBCL10923,0,3.79041169593265,1.88579607796128,5.41961303172809,8.0276172017945,0,0.134700008601524,1.10581723801331,19.1234380074165
DLBCL10924,0.320907684209607,3.96301107678689,1.5362350012291,1.86077152807466,4.18501515544536,0,0.19663618052386,1.04993269188527,11.8659404457456
DLBCL10450,1.92893643521343,1.52674453330349,3.52526547231366,1.52470845042284,3.18592511991654,0,0.162670540872959,1.0873176877064,11.69158001117
DLBCL10451,0.454559964576931,2.5009550129369,1.92982906434902,4.38400538722219,5.39776442714958,0,0.161539472401666,1.08989060567148,14.6671138562346
DLBCL10925,0.5341762182541,1.9221303010919,2.50863538718347,3.84698777125387,4.39909607685428,0,0.208136385574549,1.05897791137387,13.2110257546376
DLBCL10452,3.81414552932008,2.66515874043376,3.13660688704811,2.09635824821188,3.50457908372639,0,0.544942907502964,0.849387495217056,15.2168484887402
DLBCL10453,3.88933490977632,4.24639240399906,2.96755853327729,2.1353144980555,2.71400422010553,0,0.569704505242045,0.82650268886865,15.9526045652137
DLBCL11438,1.99591462872315,2.41592432067094,1.52748494930962,2.96561925418016,3.74880545919603,0,0.267552264261451,1.03635689709006,12.6537486120799
DLBCL10927,1.05011955338389,4.28871724630897,1.95043965312752,5.49975166653249,5.17530437166773,0,0.237175049603003,1.04106202675007,17.9643324910206
DLBCL10454,2.39769172513842,3.31357255193908,1.54166664858131,3.0676237415914,3.42212496093127,0,0.254625689952935,1.04259921151639,13.7426796281815
DLBCL10928,3.51577980121272,2.31951782683667,2.75375327867469,1.9874392744389,2.43690613526919,0,0.446570972120129,0.928123031269111,13.0133963164322
DLBCL10455,0.98724475476553,3.38900076350815,3.4894131536728,3.96056261004733,8.3678933645443,0,0.190560657980108,1.06813013638891,20.1941146465381
DLBCL10456,2.25260978936745,3.29834755072125,2.72019823945306,2.3951488407777,3.58924794931933,0,0.196276230838163,1.06632675309035,14.2555523696388
DLBCL10457,1.33695061932741,3.38332787300505,2.64008845465913,3.63428512885966,3.54235157401092,0,0.200444662771089,1.05616618039104,14.5370036498622
DLBCL10458,2.12495001827391,2.6377736174176,2.2068983975966,2.8165315140053,4.4861387356207,0,0.216226518051736,1.06285895149612,14.2722922829141
DLBCL10926,2.99100995628556,2.21567660492188,2.33014959668838,2.38297124724598,3.31514851712223,0,0.225736319305086,1.07326570388814,13.234955922264
DLBCL11485,2.90858122413786,3.21578992806582,1.73552192105447,4.54746716303325,3.69049418687166,0,0.371413357724425,0.973180685822062,16.0978544231631
DLBCL10459,1.75635499336891,4.27250848332094,1.15225091896432,2.91883261272329,5.62138140579434,0,0.203991431855776,1.06473022442264,15.7213284141718
DLBCL11523,2.81246840295921,1.12459191049867,2.174138483109,1.29227650558856,4.4756069960177,0,0.343839942576163,1.00889388226392,11.8790822981731
DLBCL11439,0,4.60670803564341,2.119327957589,4.61833787758001,6.18197348252682,0.07,0.092271048607893,1.11561920887619,17.5263473533392
DLBCL11440,3.28386642721646,2.10190208560977,1.88868242393899,1.73241615596467,3.56142447082508,0,0.289459248304545,1.04560590530763,12.568291563555
DLBCL10460,2.87323394535353,1.05019164631358,1.5152280126342,1.68350610993025,4.69558690492227,0,0.175072037538179,1.13365310949359,11.8177466191538
DLBCL10461,0.745774143272018,2.5349157830508,1.76991384574706,2.83932819665418,3.13909335349008,0,0.146707585827303,1.08675098141501,11.0290253222141
DLBCL11441,4.34957520431244,2.00343026194812,1.37513737277127,1.69822647748108,4.622502899457,0,0.256519993770131,1.0969120525286,14.0488722159699
DLBCL11525,14.5526407471088,32.2174088778932,5.35971191009881,16.5322217250321,26.8753597541827,0.72,-0.00794315155396156,1.18441512764362,95.5373430143156
DLBCL10462,0.480962018741387,3.06981934520584,1.57380839465131,3.08982096441543,4.84139850865146,0,0.214516955146977,1.05122232749276,13.0558092316654
DLBCL10463,3.92771674753561,1.28852082048391,2.69545851956573,2.23193159233116,2.30299551024874,0,0.211527856454021,1.11552764427906,12.4466231901652
DLBCL10464,1.11035927041188,3.64872740404345,0.172454000961377,1.55872344758088,4.7537199577569,0,0.146202128660174,1.09996953338682,11.2439840807545
DLBCL10465,1.16091815238743,2.91803145485457,0.982081688156918,3.64347704839455,5.30837909484756,0,0.201432358319569,1.07215658349031,14.012887438641
DLBCL10930,1.55223683675215,1.24317086538262,2.4836007848292,3.56478310918491,3.90220245934382,0,0.224985136414783,1.06119382102666,12.7459940554927
DLBCL10466,2.98590001470389,4.16431676257072,2.64707520388959,5.45512706856813,4.85687046287627,0,0.182304819203119,1.08358286469409,20.1092895126086
DLBCL10467,3.31343669357258,2.7555866621908,1.8509578297493,3.49428865230132,4.32909529829139,0,0.213336972686473,1.08398746690438,15.7433651361054
DLBCL10469,2.59688335829206,1.69827096582706,2.62533247153254,4.77652417819662,4.15532757075235,0,0.190107606248226,1.09209278779294,15.8523385446006
DLBCL10470,2.35457944988113,2.4459776278245,2.78038210655108,3.57509636536013,3.93602293470195,0,0.227424456101844,1.05653977690231,15.0920584843188
DLBCL10471,2.14844758355772,2.25008938024774,2.29632743238915,2.24439684931933,3.73081399314662,0,0.28863883930387,1.01970278507715,12.6700752386606
DLBCL10472,3.33283660598743,2.47100163514755,1.44936085817973,4.14102860281001,4.4277282215416,0,0.395592300013933,0.9672399302675,15.8219559236663
DLBCL11526,2.92601155558874,1.80808636583586,2.27727372063893,3.65838258082751,2.22453357265706,0,0.221584253396993,1.08057816058394,12.8942877955481
DLBCL10474,1.03488430354678,2.00024253506483,4.11459770085071,5.15224202995428,6.23323341125922,0,0.232779380629524,1.04628196007997,18.5351999806758
DLBCL10475,1.22656250302618,2.81759337168398,1.34710563191791,1.70615419132152,2.64743617833505,0.0600000000000001,0.0968873222178649,1.1160138563741,9.74485187628464
DLBCL10473,1.74342519575096,3.02731708958932,1.74164785081747,4.69828418813656,4.16272793295478,0,0.153821912666262,1.09937835910701,15.3734022572491
DLBCL10931,1.3591444933405,2.01785475255447,3.15173256331373,2.75548747033422,3.88446633004761,0,0.194258396624891,1.06322657582865,13.1686856095905
DLBCL10476,1.21733877393613,2.81277937909958,2.25000115513664,1.48850338237732,4.15128633061533,0.04,0.105709885983757,1.108452587256,11.919909021165
DLBCL11527,1.8088699409199,1.95158726201828,1.82224821436092,3.07632536801744,3.51443018145028,0,0.156196962330021,1.10266636518955,12.1734609667668
DLBCL10477,0,3.31875874189067,2.69773554390966,2.1514649306554,4.44761145819309,0,0.204426597914828,1.04405598354388,12.6155706746488
DLBCL10953,1.88539472790569,2.25622416109323,1.56726958751975,4.84692801382762,4.40768084562579,0,0.20537924687874,1.07907467139662,14.9634973359721
DLBCL10478,4.52326605843539,2.62962280132302,2.02676917944625,3.78114382877132,1.27587717582462,0,0.320394091541342,1.04084995819529,14.2366790438006
DLBCL10479,3.42709405307472,2.95664115739295,1.90939882216414,6.32954534111287,5.1799837821736,0,0.465483802275608,0.911171059101135,19.8026631559183
DLBCL10480,1.68331058440285,1.46947081660331,1.78224651772477,3.10521028919905,3.24505775650357,0,0.248412491879302,1.05056348560181,11.2852959644336
DLBCL10481,0,3.48162888721609,1.53751951951165,3.05734702474615,11.0792315069687,0,0.138077594375319,1.11372163518323,19.1557269384426
DLBCL10932,1.91594065626772,2.30726675887741,4.10752347460884,3.91782557929615,6.52513420661015,0,0.185848004601301,1.0748683187916,18.7736906756603
DLBCL10482,5.54981033312685,3.12448436175466,1.74853082226432,1.76706640349562,3.05121178299557,0,0.683681062756303,0.738394105720766,15.241103703637
DLBCL10933,2.61711047937038,0.878859606931417,3.29422996526521,2.70752818187217,3.45330215816372,0,0.205079415245036,1.08419594898197,12.9510303916029
DLBCL10935,2.26122714145911,3.93413525758506,2.34541003772526,0.77452471861219,2.31242684990352,0,0.426193668416388,0.923864340405927,11.6277240052851
DLBCL11561,3.62036492544836,1.71489318376997,2.18246638773886,8.43163554269427,9.74116175081569,0,0.209059195440334,1.09771882939928,25.6905217904672
DLBCL10483,0.218845115440714,3.29554274378693,1.87855199184839,1.65482949160721,3.03955449007072,0,0.224932849500424,1.03005936089029,10.087323832754
DLBCL10484,0.871953884018611,3.27844172156769,2.04663685481293,1.54850575924157,3.79872352286269,0,0.238068673605219,1.0289394049276,11.5442617425035
DLBCL10485,0.415467762359681,3.90318438998466,1.24023211918424,1.6572439774522,6.15776724125325,0,0.220069388207603,1.04655868552723,13.373895490234
DLBCL10486,1.95367702008908,4.04136878880548,2.4250365261843,6.22083662510752,5.79009562354163,0.01,0.12876314801085,1.11051252732814,20.431014583728
DLBCL10936,0,5.21417855258908,0.0973245674907445,6.06509495500568,6.64040957120826,0,0.176992967428365,1.08355145970446,18.0170076462938
DLBCL10487,4.52122320682775,3.23755840880501,2.78564288133555,4.70957981284459,4.53145763249933,0,0.50153642230362,0.885286084318739,19.7854619423122
DLBCL10488,1.12825964769259,2.76845048515241,1.85071862449575,5.38709419443358,7.38073014276922,0,0.168703986638946,1.09518043052238,18.5152530945435
DLBCL11443,2.49450166374063,2.40426431759236,1.14185046534284,2.714229989004,3.76632031266043,0,0.200932960340945,1.0905871896349,12.5211667483403
DLBCL10937,1.2556840097837,1.90155398109582,2.77759799981765,3.36887617684668,3.72479322475764,0,0.23060856606987,1.04576193113563,13.0285053923015
DLBCL10489,1.72737171155615,1.87922193743054,2.02236135757389,0.0574256853954981,3.77311401322135,0.03,0.120284178142438,1.12388962801759,9.45949470517743
DLBCL10490,3.83366863301063,3.14318328071469,2.07212437043839,2.76276653159006,4.06797902774185,0,0.224723871578298,1.08047506422092,15.8797218434956
DLBCL11444,3.12816950764374,1.32237863486584,2.18147592538618,5.78093495214532,6.03001977732635,0,0.352880209847971,0.998997318582597,18.4429787973674
DLBCL10491,1.32703157916473,2.19011456371083,2.13832505547475,2.43823287901594,2.95815006695083,0,0.214479642809386,1.05325907267174,11.0518541443171
DLBCL10938,3.37956938582605,1.96295849701402,3.62543772890233,2.94765307337181,4.55439959223126,0,0.179363083372697,1.09757472695383,16.4700182773455
DLBCL10492,2.73991396129898,2.03632084978793,2.32195031977241,1.45498654261427,2.2384667075848,0,0.299351883373567,1.02671425816587,10.7916383810584
DLBCL10493,2.32838742540715,2.42256666068313,1.18221632331332,6.7254227338306,5.53688394324479,0,0.204581142913216,1.09046232007275,18.195477086479
DLBCL10939,3.67114444653788,3.83998445523107,3.0097571292088,2.95093885590256,3.16893160942596,0,0.32155277672458,1.00333341205319,16.6407564963063
DLBCL10940,3.30964909493804,1.63188031742668,2.06938106330479,1.53114920202528,2.72562293842693,0,0.213708155863814,1.10527605771916,11.2676826161217
DLBCL10494,3.14969147343963,1.4518971973774,1.38764874029675,5.00136746710785,2.35829248896242,0,0.171757623458644,1.1337312968051,13.3488973671841
DLBCL10495,3.69374349340099,4.01641347378093,1.67419039473405,1.62436526860436,3.15915594314122,0,0.491886637790619,0.892338058201406,14.1678685736616
DLBCL10496,2.48526026440863,2.41593434981358,3.49502864629154,7.57517613957098,6.65614088098993,0,0.176995151681069,1.09414043972125,22.6275402810747
DLBCL10497,5.0539646915569,2.03740949210415,2.82699117767296,4.66156917249558,5.95299994829468,0,0.231135068484681,1.09110755751956,20.5329344821243
DLBCL10498,1.14668170120024,2.08532134513458,1.60530127307798,2.8617001238972,4.9566715954837,0,0.183741958259702,1.08150677828297,12.6556760387937
DLBCL10941,4.57077597841258,3.13595142897322,3.84076734137887,6.03882682416556,6.39058426463892,0,0.303510138899732,1.0218790110756,23.9769058375692
DLBCL11562,1.59642593355006,1.65117811990343,1.30639404224946,5.51673863580556,4.29024258598611,0,0.145436675318722,1.12397497046769,14.3609793174946
DLBCL10942,3.91302961391545,4.0468430412747,2.23740329201423,4.58682141478004,5.97124731431277,0.02,0.124900388972901,1.13087336665677,20.7553446762972
DLBCL10943,0,1.95072274285148,1.67307041920933,2.31053852776635,6.7561274911044,0,0.209221106484992,1.06677354642978,12.6904591809316
DLBCL11528,2.59944587800195,3.5631246424882,1.04580727786513,4.46427276449525,4.08087199657639,0,0.145577240658322,1.11574290232402,15.7535225594269
DLBCL10945,1.55509077288163,2.72760388383778,1.76593808001952,2.85793187595369,3.98823175108333,0,0.255621367322613,1.03390783390319,12.894796363776
DLBCL10499,3.22336691179709,3.52042734833679,1.49430653329786,1.55991256656454,1.76759719743705,0,0.281718084573692,1.04450324665764,11.5656105574333
DLBCL10946,2.01132021387809,3.53681816005077,2.87878730766936,6.22739514552542,5.50841128911281,0,0.181147965341752,1.0808425590978,20.1627321162364
DLBCL11445,3.01294718137727,2.08338643686386,1.73378209514048,3.41100700129316,2.92323856770715,0,0.21513744851932,1.08826312519746,13.1643612823819
DLBCL10500,1.44056664483991,2.59657577094821,2.47903372729023,3.33480185932132,5.77778293674129,0,0.22858265990445,1.05039537759806,15.628760939141
DLBCL10501,0.365713752729239,3.16486430849742,0.273672436340681,3.5548840126793,6.41736961806389,0,0.141361427837374,1.10999010778309,13.7765041283105
DLBCL11446,1.16094872145225,2.38805458006619,2.7152056624303,5.52350565960235,3.74935401080199,0,0.1868810975819,1.07608920785539,15.5370686343531
DLBCL11510,5.29368995772475,3.41892201533749,3.81039363795086,10.6573640825529,12.5390760209381,0,0.216748780648714,1.08405199848781,35.719445714504
DLBCL10947,4.83597722020298,2.23582012630088,1.74235953013519,2.27272410370977,3.34835540446167,0,0.612315341564559,0.808461396444273,14.4352363848105
DLBCL10503,0.0221767094002451,1.40819414894384,2.11789800287495,7.21249829208949,9.94357064689458,0,0.185991218670691,1.10098408279878,20.7043378002031
DLBCL11564,3.37198174071202,1.49179505686393,1.80590412105362,3.86460720901542,2.57029864145318,0,0.234333265813579,1.09033753297264,13.1045867690982
DLBCL11530,1.28714247234993,0.607565611690503,2.96875126022828,2.41833566592746,4.4351280929889,0,0.150627254575031,1.10386212483395,11.7169231031851
DLBCL10948,3.08480855970138,2.215637982033,2.37935463450534,3.99749852668025,6.14502701013134,0,0.195337100898464,1.09246031185149,17.8223267130513
DLBCL11531,0.284591208524069,3.34598085748806,2.07018537938797,2.12657220203556,4.69334821064135,0,0.203533847261029,1.04860932504744,12.520677858077
DLBCL10504,2.12613309214469,2.07211396914298,1.63537794785356,4.99612821922429,4.95859446560222,0,0.227025930172384,1.07001397239965,15.7883476939677
DLBCL11532,3.2493320022016,3.16114078575065,2.42436251202536,2.90618985521021,3.07951678014997,0,0.240740882954634,1.05806992580941,14.8205419353378
DLBCL11353,1.80660473446871,1.94009579187673,1.62015591379987,2.80957064539165,3.12329987298238,0,0.198558817303286,1.07875625872048,11.2997269585193
DLBCL11516,0.848858409752674,1.73372559147042,1.92922066832761,2.65978710770889,4.99290533742647,0,0.206846678333757,1.06533179330222,12.1644971146861
DLBCL11533,1.39959343005212,2.05282173443621,1.00440917008622,2.95530091523789,4.06876370017571,0,0.198587458502698,1.0799749213708,11.4808889499882
DLBCL10505,5.51231846085728,3.86214449327972,2.31231057343842,5.53428745577052,6.76943587844613,0,0.142156798662337,1.13961214592671,23.9904968617921
DLBCL10949,0.734278418946873,1.47447553592147,4.8464053987336,1.83240363961512,3.77996166392375,0,0.184165780959254,1.05696402568417,12.6675246571408
DLBCL10506,4.56138734159607,1.98719408204405,4.53818720489205,1.74489607838809,3.38971922867636,0,0.595304781376204,0.810148135961605,16.2213839355966
DLBCL10950,1.0020815477791,1.44340320069024,2.5530529059638,4.38590162567176,6.31267857291049,0,0.18346148768525,1.08686209324991,15.6971178530154
DLBCL10507,0.888276306155394,2.4747574833603,1.95891729367047,2.75104654339724,4.56077616884594,0,0.167285767824773,1.08033189273608,12.6337737954293
DLBCL10508,3.29407956116161,2.50833937343589,1.48762170152958,1.55023301223035,4.12346032771471,0,0.365231768164478,0.992831871356763,12.9637339760721
DLBCL10509,2.29333078059015,2.75154565857303,1.60722490517625,2.34845804780873,3.22408307416789,0,0.24460476734424,1.05083089077552,12.224642466316
DLBCL10510,0,5.50166488989439,1.54012715691883,3.98089622181321,5.30985914831058,0,0.156699881646143,1.07562917112117,16.332547416937
DLBCL11346,3.09230473828945,1.80116391292919,2.36029044427876,3.25503719074678,3.23777607635537,0,0.226224961169038,1.07816646506564,13.7465723625995
DLBCL10951,3.25052994694521,2.53066495051351,1.55597177147122,1.34996627889332,3.43177191374648,0,0.277965572990836,1.05380714214248,12.1189048615697
DLBCL11504,3.44571888505953,1.87181666263988,1.53763381839804,2.68439910557659,4.71530049216456,0,0.266253811258751,1.06649547465516,14.2548689638386
DLBCL10952,3.17716331029674,3.18264804915803,1.66140088373008,3.37805485262943,4.11658653335215,0,0.418067917596178,0.943483513934856,15.5158536291664
DLBCL11565,1.36973408485483,1.11738553463801,1.42298013233239,4.54178829808837,4.12168343651733,0,0.243381446611302,1.06310913894945,12.5735714864309
DLBCL10512,1.52446842482659,3.62205735940699,1.37247712467534,4.07835534680221,2.67875597343469,0.04,0.113701755619878,1.11450761220926,13.2761142291458
DLBCL10954,1.02043243996438,5.19971185468735,1.56828713265078,2.8894765824388,4.25306992798621,0,0.138020277296363,1.08493001288438,14.9309779377275
DLBCL11447,1.36798128949123,2.93307635977548,1.48026860384568,4.73857652244419,6.44783981854958,0,0.180517805283316,1.08743008447822,16.9677425941062
DLBCL10955,1.15049896336628,5.04907990795566,1.93353479292015,3.29239573852389,3.42749975448537,0,0.29209996351642,0.998513630113543,14.8530091572513
DLBCL10956,1.20855548386624,6.28842667652578,2.87670976593681,0.850020450055636,3.57834589111166,0,0.152423348108401,1.06726159921438,14.8020582674961
DLBCL11566,3.4248203003334,2.26211869900338,1.11496074045689,1.23914686638475,2.06192707099433,0,0.250947896660087,1.09789169490977,10.1029736771728
DLBCL10513,1.22485843090029,11.9121258605032,0,3.87471091773187,5.35340659412747,0.08,0.0827077962356056,1.11430790191183,22.3651018032628
DLBCL10514,1.67682632079566,1.97731016268882,2.42801152234456,3.44951327305889,5.64970287451003,0,0.196967205619615,1.07635102174196,15.181364153398
DLBCL10957,3.4436799612191,2.64613177378765,2.97751265672492,7.9907306632816,7.30953313163578,0,0.185457084307939,1.09799890552273,24.367588186649
DLBCL11534,4.45113512596148,2.53616501377143,1.60077424825138,2.90401652715512,4.38651376657045,0,0.305720258579064,1.04703374169075,15.8786046817099
DLBCL10515,2.18096470646166,1.59241708886228,2.26961299287027,3.82551924380224,4.13302038751232,0,0.218528348807494,1.07211123037076,14.0015344195088
DLBCL10958,2.6419582968766,2.02907730430265,3.96972654541346,10.0794282267508,9.80831891583087,0.03,0.117724953981434,1.13732487973121,28.5285092891744
DLBCL10517,2.90120434404648,3.69575326660666,2.03404374585616,3.39717503674983,2.38083741023237,0,0.425223528108354,0.931860738683344,14.4090138034915
DLBCL10518,1.22661928510095,1.89826232126428,1.44616250302717,1.7892148482659,4.81512563904545,0,0.142199635451298,1.10816420969951,11.1753845967038
DLBCL11568,6.32490126010963,2.68754987225261,1.28855901050108,3.36013773954423,4.87921660812375,0,0.344145956569661,1.04620290883362,18.5403644905313
DLBCL11448,0,3.79509834634747,2.40714316006207,4.04776992653498,7.78229515675521,0.03,0.115209449451947,1.10902810076133,18.0323065896997
DLBCL10519,1.69190398028352,2.91605918548694,3.38418186175189,4.38548397708735,4.1459634208506,0,0.178226035950265,1.07392933392137,16.5235924254603
DLBCL10959,1.32985083545594,3.07783708151454,4.08185357438939,0.231392114457859,5.02116724609938,0,0.196149091485946,1.05256387276305,13.7421008519171
DLBCL10960,4.13795420022237,2.33720034563234,2.33092385563371,3.54699845109117,3.96568052873491,0,0.303022143821589,1.03717861619785,16.3187573813145
DLBCL10961,0.58832416319585,3.5975304607157,2.45168389693217,1.23090106139007,3.18060120640395,0,0.223833096647108,1.02926977796331,11.0490407886377
DLBCL10962,1.80777782204565,3.28102110190057,1.81470058932906,2.93851320217558,1.87048872562838,0,0.285337058968769,1.01344268704417,11.7125014410792
DLBCL10963,1.23236143633932,3.37815066880289,1.93617283314658,2.30869755757426,3.17352862774544,0,0.244337524735404,1.02913876760312,12.0289111236085
DLBCL10964,4.35413662205636,3.32647874909715,2.25724979211504,1.70673259836241,2.26355425124126,0,0.331732201496045,1.02310503069887,13.9081520128722
DLBCL10965,3.07097406040602,2.1950001044791,2.84667059518275,2.86596637055354,5.57011979871757,0,0.231545348555407,1.0659262929761,16.548730929339
DLBCL10966,3.47779627958419,4.70288011117587,2.08701634545276,0.449343974374355,3.79383056728419,0,0.261309032991801,1.04578303913995,14.5108672778714
DLBCL10967,4.20185478811884,1.64956801941596,2.81797325262991,2.71857968580354,6.47502036222516,0,0.404250131327964,0.966939957717132,17.8629961081934
DLBCL10968,3.54427261884503,2.72525537998033,1.60349710095119,2.21018816478976,3.64382244003095,0,0.288486913696041,1.04534017276204,13.7270357045973
DLBCL10969,2.84295807003565,2.51045795843937,2.84167204238994,2.21048330237188,2.7263256583881,0,0.242044992708363,1.05311445962524,13.1318970316249
DLBCL10970,2.35766683058401,3.06166297083348,1.41172187551154,3.43188996006112,6.76697799215957,0.07,0.0937160404666248,1.14590054995319,17.0299196291497
DLBCL10971,1.08870253920498,2.52898580877687,2.11915929647706,4.50944658956768,7.48054862189618,0,0.233838206988211,1.05421128605628,17.7268428559228
DLBCL10972,1.16591382555702,2.78835735285482,1.47548161606797,2.88604871995483,4.23685983005627,0,0.230173216923938,1.04726265090368,12.5526613444909
DLBCL10973,1.76814383226654,2.28354770846607,3.01472932061567,4.72622165940957,6.84879886875014,0,0.215380899070831,1.06461855424388,18.641441389508
DLBCL10974,1.85332343292365,2.64345705793311,2.48500992863464,4.20923350119158,8.19334903571954,0,0.190146971161967,1.08313822775918,19.3843729564025
DLBCL10975,1.28238338681067,4.15691851490382,1.46431779687439,2.81470102352319,3.04577891432117,0,0.257667185751172,1.02242798196428,12.7640996364333
DLBCL10977,2.07614718674751,2.15899651477003,1.4090659445178,2.98258966355591,4.9797662202767,0,0.31972856367498,1.00864155003134,13.6065655298679
DLBCL10978,0.54150085816519,1.8161747390691,2.09927148239455,2.20012622157913,5.21876880685348,0,0.258621039313615,1.030124440396,11.8758421080614
DLBCL10979,2.91188009970206,2.91036680210453,2.89677112718301,5.76737885350534,8.1324567943576,0,0.190426480118913,1.08775157717588,22.6188536768525
DLBCL10980,0.435507560067361,2.67116409449633,1.31499187356061,2.4210519941418,5.33943587806663,0,0.2090542203326,1.05857229452313,12.1821514003327
DLBCL10981,1.95844959671296,1.45087753536821,3.73617835240373,2.00520029059667,5.29862017333967,0,0.198779859845485,1.07118167684392,14.4493259484212
DLBCL10982,2.02285900560898,2.54054945861553,2.42554129380234,4.35697199188467,4.98559051963862,0,0.264903348095321,1.03442676739153,16.3315122695501
DLBCL10983,0.621018961094192,4.11539438963142,1.12420332908684,2.82790618254359,3.68952863512177,0,0.278012833466945,1.00874494377645,12.3780514974778
DLBCL10984,0.865848919919247,4.08584822126931,1.78284974664326,2.98916360174553,4.09028491285147,0,0.219194248632635,1.04212652274207,13.8139954024288
DLBCL11535,2.85879744127461,1.67329147860452,1.46759246113643,6.22277884696782,8.70004836484189,0,0.3816926698088,0.979803793966541,20.9225085928253
DLBCL11517,1.62891366465215,1.64893284679076,2.77532312708561,3.09479941704932,7.49153664244998,0,0.243537268414121,1.05221012104151,16.6395056980278
DLBCL11449,1.70618271351063,2.17918781938098,2.01000600043595,4.15277004883981,2.80313631151363,0,0.16233859063634,1.09597159221931,12.851282893681
DLBCL10985,1.31020488970913,2.41696159104906,3.22312654976102,2.63664012378011,4.91563879482374,0,0.260866611245211,1.02382129378392,14.5025719491231
DLBCL10986,0.976224388396177,2.88363154410001,0.72221487008147,1.88348070231011,4.31908480388562,0,0.186468764475772,1.07437398226852,10.7846363087734
DLBCL10987,0,2.81746053618453,1.38296431563095,2.0630696298639,6.25398846333289,0,0.208902178599613,1.0587354195333,12.5174829450123
DLBCL10988,1.00204116947557,5.56881458799981,2.26025912596417,0.427795653373784,2.87682994289796,0,0.176126804732352,1.05524894991871,12.1357404797113
DLBCL10520,3.0639467660905,1.93768775423473,2.32564817590584,3.59434460343937,4.34049288548055,0,0.522284836342161,0.867515718347256,15.262120185151
DLBCL11536,4.13672037037139,2.95234665218168,1.76951195224249,4.32541932350052,3.0140840339377,0,0.292216657470021,1.04492408119229,16.1980823322338
DLBCL10989,2.28244989685309,1.68961994464558,2.39281701631227,4.27351587342234,6.55508245513987,0,0.223135688411272,1.07189833121744,17.1934851863732
DLBCL10990,3.19809583562469,3.49243861020565,2.02959090608086,0.997899550962663,3.11889489810878,0,0.292360851878418,1.02942581326481,12.8369198009826
DLBCL10991,0.735438850989808,5.23125893286694,0.875862659037138,2.62167814450471,5.46593664729556,0,0.243457686918382,1.03037418995965,14.9301752346942
DLBCL10992,0.589052058926183,4.22797202712797,1.84787424707947,2.92854652782919,4.84585333212408,0,0.208575354258245,1.04737564562782,14.4392981930869
DLBCL10993,1.10402057412933,2.00086144148226,1.85546266461756,2.32549806055138,5.21206979725533,0,0.222645164157451,1.05648458217935,12.4979125380359
DLBCL11450,1.33566651954576,4.48989483499258,1.07419970895855,2.85519844017989,2.5868742751512,0,0.218888630293658,1.0459872740441,12.341833778828
DLBCL10994,0.551049877118964,3.29683105435134,1.56727133894341,3.30409286819376,4.07439431136234,0,0.276323307256227,1.0129530255347,12.7936394499698
DLBCL11537,4.83408964610927,3.80243377887497,1.41244273290643,2.43855392597225,2.72546527092806,0,0.603353244265677,0.810360248443888,15.212985354791
DLBCL11538,3.80562336713735,2.54615170999189,1.78954351528173,3.47578069533698,6.57269194021155,0,0.283179762087172,1.04721192553061,18.1897912279595
DLBCL10995,1.1537488898675,6.09039114152918,0,3.11646574279039,3.69127358574607,0,0.388530012698424,0.945146599289091,14.0518793599331
DLBCL11511,0.558251907379731,5.07952198644554,3.19254504497879,6.39257975197278,7.40147535592953,0,0.165559280951652,1.07817936182193,22.6243740467064
DLBCL10522,2.00834006601636,6.68355421938861,0,4.35203942228097,7.81328825280582,0,0.161310664122939,1.09239561676145,20.8572219604918
DLBCL10780,5.26761464509184,2.08758988205271,1.78420673360141,1.41066730166069,2.69871128570266,0,0.488361456030742,0.938811642405737,13.2487898481093
DLBCL11506,4.33657565559411,2.46812770761703,1.43925579554793,2.47912342621503,4.26033761145824,0,0.221129085002585,1.10890381841875,14.9834201964323
DLBCL10523,3.89842582005344,2.26709954185842,0,3.28266302751598,6.16635585668881,0,0.211741459777239,1.12323129933258,15.6145442461167
DLBCL10524,1.01975823823821,4.30592074065975,2.88177571502163,5.41095443318724,6.11136527352208,0,0.197160067115876,1.0610614228862,19.7297744006289
DLBCL10525,0.880054667942769,2.57115130786036,1.77075680698854,3.96734833004266,5.5942795767168,0,0.230160884029553,1.05136220601764,14.7835906895511
DLBCL10527,1.18457179582858,4.11590228602107,3.94030633240982,5.97417921784279,8.83877341485668,0.01,0.128356642268145,1.10360306199472,24.0537330469589
DLBCL11539,4.56488235529901,2.61811245165072,2.02445783392778,3.8714822241807,4.36619155655188,0,0.249039555194011,1.07901878395871,17.4451264216101
DLBCL10996,3.89151705107886,0.917583905940372,2.71161999095869,3.43232140783195,5.92783137882156,0,0.20714951204201,1.10757105140187,16.8808737346314
DLBCL10528,0,2.94537745754705,1.48652365734004,3.80052051007882,7.15872401936394,0,0.139039670415594,1.10495507623597,15.3911456443299
DLBCL10529,1.54834741078704,1.89477633077228,3.41772911792475,2.62521920608114,4.04868667427247,0,0.243557133222338,1.03617404254914,13.5347587398377
DLBCL10530,1.07037515025067,2.95768708415039,1.60406560944263,1.87476445010162,4.04914735052457,0.04,0.104932123214601,1.11115205021455,11.5560396444699
DLBCL10531,1.91625371521409,1.95195613566257,2.13297852865207,4.10778167974235,5.67473266582858,0,0.188866566947216,1.08741353321995,15.7837027250996
DLBCL11540,0.92924161138383,3.29837178773434,1.02425034412777,1.86652371629037,6.3397301316222,0,0.182478519475768,1.07822356804098,13.4581175911585
DLBCL10532,0.912317563252179,2.34198372064329,0.993384146481344,3.87591282494126,5.48319569958542,0,0.24755257731817,1.04833533888291,13.6067939549035
DLBCL10533,1.00569298767504,2.63220254220146,2.60979804878075,2.50287206544711,4.87889124787383,0,0.242480338955406,1.03359121187331,13.6294568919782
DLBCL10534,2.25032807085899,2.99725492466175,2.2935161714159,3.56473277454389,5.9649966505104,0,0.222935569930149,1.06025595664566,17.0708285919909
DLBCL10535,0.959228204856639,4.77277512631675,2.14057199316414,2.11235665425369,5.58049291623289,0,0.136989962492591,1.08556439501443,15.5654248948241
DLBCL10536,1.42794765354674,4.36631676335688,1.12625205006648,3.59419227290482,9.07056749311888,0,0.166070618705385,1.0932585663699,19.5852762329938
DLBCL10537,0,4.3320306440249,1.72495028805303,6.3517352535217,10.382795711959,0,0.154385810496988,1.09980872845814,22.7915118975586
DLBCL10538,1.79235460905121,2.87818833404067,0.851065048113653,4.06274800938772,6.60543942533604,0,0.1636086569133,1.10594089676812,16.1897954259293
DLBCL10539,2.78083322125509,3.64162700335197,1.98211958161654,5.95568165256199,3.71305718378821,0,0.203784592852985,1.07723201505353,18.0733186425738
DLBCL10540,0.147192108484027,3.68225564551553,1.96317610154764,2.31527529626777,5.11737363705819,0,0.241144637529137,1.02821300174178,13.2252727888731
DLBCL11451,3.06653284888404,1.86885477992282,1.5218396361596,3.26034734015771,3.54795382541817,0,0.358268409132557,0.997057244868419,13.2655284305423
DLBCL10782,0.305180427578654,1.38840882978736,0.748336756141465,5.90161405208702,5.48092939204815,0,0.208277032885442,1.09067446864916,13.8244694576427
DLBCL11512,4.10725141648675,0.955783311934794,2.95616517489133,2.76161360672608,4.17083039635232,0,0.553310932479729,0.853274762580857,14.9516439063913
DLBCL10541,0.7857519997637,4.75419305857344,1.35837860191148,2.73969812804196,3.75646758131952,0,0.164490187750538,1.069933833989,13.3944893696101
DLBCL10542,1.66839778730884,2.47701426016938,1.98633636059606,3.46948586175711,3.93399749078878,0,0.179409941656782,1.08207064905175,13.5352317606202
DLBCL10997,3.73223288227684,2.18952686373918,3.337196442978,0.532472184950651,2.93708401212494,0,0.587712238648919,0.817501384487678,12.7285123860696
DLBCL11508,5.34770088622766,4.16218306990125,2.16155511898107,3.72207696119853,3.11471800718579,0,0.614444573065887,0.796205301907555,18.5082340434943
DLBCL10543,0.5216472796589,1.39132379332738,1.82404128458881,9.76703609526736,12.8388037580411,0.02,0.125665115121041,1.14822796311264,26.3428522108835
DLBCL10998,3.11222854141122,1.96117576480193,1.44019323225353,2.97590192246386,3.97068242918327,0,0.230072802850018,1.08489494601619,13.4601818901138
DLBCL10544,1.55305215024358,4.00677877487795,2.60996232397671,1.18674768586702,4.67875776668805,0,0.169294185699151,1.07070463519093,14.0352987016533
DLBCL10999,0.366332688610476,1.22490393888857,3.86139330696768,3.40244707945728,5.13253447101189,0,0.181132855713015,1.07214546471264,13.9876114849359
DLBCL11000,1.95468256401472,2.25746661783872,3.59472934795625,3.11672492850615,4.94882381808988,0,0.144829455608689,1.09691531513102,15.8724272764057
DLBCL10545,0.675400385048404,5.63891729357628,0.791250302120208,7.14144576710182,5.74413341732579,0,0.159487843913627,1.09088390258235,19.9911471651725
DLBCL10546,2.39109581504951,2.49085087004012,2.22736506142481,2.62340845531227,3.09699680762986,0,0.15225790087586,1.10445773894007,12.8297170094566
DLBCL10547,0,6.87856805035624,1.05416053226822,4.08911740961643,5.66500406720107,0,0.138986063398469,1.0844483397346,17.686850059442
DLBCL10548,1.48944506976967,0.952543349592506,2.04267621441006,7.01748720954959,4.35158316569987,0,0.226290274523349,1.078761782714,15.8537350090217
DLBCL10549,1.45777822749414,5.75655621309382,0.520493886479152,2.45625275695387,5.66285601694891,0,0.169921428623887,1.07768218220105,15.8539371009699
DLBCL10550,0,2.76972730276917,1.56772354597778,2.07891505190717,7.21400628928019,0,0.218244092283634,1.05661174275829,13.6303721899343
DLBCL10552,3.50097334036052,3.06532151924667,1.60927399825822,6.5775931090466,5.59577467577159,0,0.188331818383609,1.10175138558779,20.3489366426836
DLBCL10553,0.40617937389286,1.42164437974657,3.95560299743627,5.22994022144499,3.85477677762179,0,0.169966502940934,1.081510671972,14.8681437501425
DLBCL10554,0.930293305983319,4.23920410096512,0.418410415460134,1.78799418633635,4.99268876823616,0,0.218750823995833,1.0505604983824,12.3685907769811
DLBCL11509,3.87067320708139,2.09629971321182,1.82904447667854,6.27693039054074,7.26670408291336,0,0.295079106582384,1.04139721949479,21.3396518704259
DLBCL11452,3.45702851452835,2.34573873273026,2.11407508783209,3.77218590264502,4.34154125001559,0,0.391884911903563,0.967326705653609,16.0305694877513
DLBCL10555,2.19182073802468,2.9168969481051,1.91354370264985,1.60189221235183,4.51211177661586,0,0.231804922043697,1.05447987922451,13.1362653777473
DLBCL10516,2.22007467525279,1.54595416498255,3.14111381569643,3.93571434950225,4.89789675224164,0,0.181385287196425,1.0891919675977,15.7407537576757
DLBCL11651,3.96505688566873,5.7989903108677,0,1.35209546836652,1.44144473700334,0,0.391133588434451,0.98359893801383,12.5575874019063
DLBCL11652,2.67267882791159,3.86040453156108,1.07336669049519,2.34913702345915,3.32291315144934,0,0.366749253488822,0.974102380455874,13.2785002248764
DLBCL11001,3.03892220125725,2.79908634781017,1.9843740824401,2.48752742516295,3.57840670847953,0,0.462705280149928,0.910585247595453,13.88831676515
DLBCL11541,4.83289220260331,2.42580056563521,0.97476382143054,1.26687226978688,1.85352455216776,0,0.492834248693697,0.945023186336707,11.3538534116237
DLBCL11004,0.969993383963771,2.24512267300284,3.58108955808375,2.60432994179127,4.22091312484617,0,0.228140541817641,1.03758614950373,13.6214486816878
DLBCL10564,3.08873376201754,2.06262081112198,3.05907905718652,3.85349902861994,5.24451310730397,0,0.196852832705208,1.08663862732996,17.3084457662499
DLBCL10565,2.03703366718719,2.23759705303841,2.44391123108401,7.72289874850602,2.50332462815993,0,0.197599431452952,1.0882397149558,16.9447653279755
DLBCL11542,3.40950548689717,1.88561183166204,2.39377056335157,5.43321100723474,5.75296750926684,0,0.189304438258084,1.10317085691009,18.8750663984124
DLBCL10566,3.51754604084428,1.86830735728071,1.44755975438038,2.40708132212382,3.79428548034971,0,0.294579158709535,1.05257086254418,13.0347799549789
DLBCL11005,3.12244376395028,3.18816178236426,1.64354314833735,1.87392577517696,4.98657062436723,0,0.246652182211984,1.06011862573382,14.8146450941961
DLBCL11453,2.84339899015454,2.75017390880413,2.68473317411354,4.9320880638843,5.63262100428806,0,0.402638137464173,0.949382419285853,18.8430151412446
DLBCL11581,2.90364067386245,2.5113750721207,2.15169554566108,3.60385474755607,4.15551283141402,0,0.248328236377828,1.05534747354897,15.3260788706143
DLBCL11486,0,1.99942255374381,2.54354653703535,4.55178050060391,5.81681183248874,0,0.250023894190206,1.03862520479068,14.9115614238718
DLBCL11487,2.16283623909578,2.40715521014152,3.05367552922927,4.93679307599931,4.52475771934873,0,0.178039898554648,1.08569094663295,17.0852177738146
DLBCL11454,1.56170086267202,3.1629551575656,1.35675167999342,4.40702602595984,2.95574429895501,0,0.306359566196469,1.00574593260822,13.4441780251459
TCGA-G8-6324,1.11991937902484,3.58756440387115,1.00759940136597,3.05836538662487,5.36776066456071,0,0.273372146873893,1.02243483164895,14.1412092354475
TCGA-G8-6325,1.29537384316235,2.74332640180966,5.19363568075487,11.6358149721888,7.28954898489183,0.04,0.104053019937277,1.13295181639009,28.1576998828075
TCGA-G8-6326,5.06641107753963,2.14138791040024,2.38507925631182,11.9366880736156,11.4835499257506,0.04,0.109903790183414,1.16581231941272,33.0131162436179
TCGA-G8-6906,1.18782194401049,1.82598374641703,1.92417698654118,4.5810292173916,4.3040337726962,0,0.160551769242732,1.09927841358821,13.8230456670565
TCGA-G8-6907,0.984961582835751,1.98607360837109,0.557556416233679,4.10570219664555,4.24932731510475,0.04,0.114327898982347,1.13593936823014,11.8836211191908
TCGA-G8-6909,1.07348601177318,2.63187107191499,4.26938981406906,5.11816308639396,4.84145796628003,0,0.184590091849779,1.0674811942229,17.9343679504312
TCGA-G8-6914,1.1465060079363,2.6664272963417,1.66024393994141,5.7672939930578,6.70784085265018,0,0.160918423962989,1.10176855693656,17.9483120899274
TCGA-FM-8000,6.21826609986208,2.51184970346122,1.16620995218223,3.51560863294007,2.34085388487352,0.07,0.0923646893442015,1.24834137085675,15.7527882733191
TCGA-FF-8041,1.79477829798668,3.06135181233436,2.06915728181234,5.3524815490722,5.44647540560178,0.03,0.123203900452946,1.11845794871213,17.7242443468074
TCGA-FF-8042,1.26993471517671,1.74433321857769,2.2250330091836,5.05386915911987,5.47024811016102,0.03,0.116481242919298,1.12770473803539,15.7634182122189
TCGA-FF-8043,0,1.31049817274141,4.22813445535545,4.1687589771645,4.99673990693433,0,0.172043751615628,1.07684899561827,14.7041315121957
TCGA-FF-8046,0.620065707622677,3.99880622936779,1.64267351471006,3.21560069012925,3.36754622346006,0,0.18410050938077,1.06033148089391,12.8446923652898
TCGA-FF-8061,0,1.5743156442023,1.56259364020797,3.02827854967735,6.98121324589985,0,0.145543807360961,1.11206199845807,13.1464010799875
TCGA-FF-8062,2.90598291975125,2.43097598437645,0.637609497704885,4.02840361063381,5.90639768358999,0,0.159441884625173,1.12842631355455,15.9093696960564
TCGA-FA-8693,4.2182494948824,2.37585990737566,2.53600083719535,5.52607506244112,5.04224582546665,0.04,0.109643848441341,1.15653193965102,19.6984311273612
TCGA-FA-A4BB,3.38860936483334,2.52792315435378,1.33091465178712,5.86753926550026,4.62237428217486,0,0.406688970599574,0.960130756504053,17.7373607186494
TCGA-GR-A4D4,4.37252248223019,2.12840327530778,1.35467881602855,2.8062305790055,3.15235180584278,0,0.290535026456817,1.07083961717438,13.8141869584148
TCGA-GR-A4D5,3.20515714834104,3.03124184808394,2.12605400373889,4.93656138628403,2.32322224207574,0,0.188563032835337,1.09509809012605,15.6222366285236
TCGA-GR-A4D6,1.10596994975682,4.71432810567655,1.10651455502868,2.11114082369907,3.06443936527453,0,0.230146200680232,1.03493448361093,12.1023927994356
TCGA-GR-A4D9,0,1.61923327038034,2.61971427843774,2.43961191901595,6.66640065383314,0,0.260537456639484,1.03184182205851,13.3449601216672
TCGA-FA-A4XK,0.801742343398944,1.60406432686179,5.40191482966562,2.94255880775376,5.41575941797533,0,0.203441111848361,1.05203085048814,16.1660397256554
TCGA-RQ-A68N,2.28881267492354,2.04051208998043,2.63962122210609,3.26569354550127,3.71808270081742,0,0.177900101044978,1.08916368760871,13.9527222333288
TCGA-FA-A6HN,1.1017857570345,5.04921490120079,3.11397899657391,2.9622452635124,2.62475601626251,0,0.281131726501558,0.999744012302277,14.8519809345841
TCGA-FA-A6HO,1.05569748937984,2.42756141816102,2.50629567147868,3.86172298885186,5.62834511257903,0,0.193100242954056,1.07030129920645,15.4796226804504
TCGA-RQ-A6JB,0.891197515591072,2.27382645842991,2.48755071685285,3.27667720224621,5.56638425401681,0,0.166115439882006,1.08412895846457,14.4956361471369
TCGA-FF-A7CQ,0,2.06468649499666,2.72129221210449,2.43558259073028,6.64127684805054,0,0.238596551278053,1.04077815476342,13.862838145882
TCGA-FF-A7CR,0.637171677593226,2.24856350509154,3.28153162651192,3.36979313707144,6.08256879480515,0,0.196444097308665,1.06295590997925,15.6196287410733
TCGA-FF-A7CW,1.99476571310955,2.64700587578249,1.16539516881564,2.64253457365185,4.05715554207057,0,0.274927227169102,1.03306695484965,12.5068568734301
TCGA-FF-A7CX,0.625208716175184,1.99770834809096,0.673243237011162,2.36328093082621,5.31687237389352,0,0.181579932346394,1.08909089648811,10.976313605997
TCGA-FA-A7DS,0.83876077336234,1.85896084625872,2.89410235594946,2.9777513654012,4.20478590249439,0,0.277536795799258,1.01434216199239,12.7743612434661
TCGA-FA-A7Q1,1.56917277370874,4.2462742668853,0.885171645111456,1.81650092811526,2.58585974749482,0,0.206900323867011,1.05640158872345,11.1029793613156
TCGA-FA-A82F,1.26530396603493,2.18417284421615,1.63766738731959,4.30793384000587,4.01144105453819,0,0.192175849458393,1.07874931691282,13.4065190921147
TCGA-FA-A86F,3.93722942508487,1.58027299536696,1.15083520880845,3.68634395462203,4.12380632818995,0,0.293534391106764,1.06358601714324,14.4784879120723
TCGA-VB-A8QN,1.80796712270281,2.44591760439268,3.28677662849704,3.23580152390669,1.91423713196501,0,0.258305712140103,1.0263201071079,12.6907000114642
TCGA-GS-A9TQ,1.27451944304477,1.56049669571874,1.33893577232541,2.65389630429009,4.85996856496674,0.01,0.133250215507723,1.12108684448891,11.6878167803457
DLBCL11194,0.336492957096442,2.35315566623369,1.86359902495152,1.81754912165736,5.78321738712041,0,0.210455512521516,1.05647210437238,12.1540141570594
TCGA-GS-A9TV,1.16897994425122,2.9546618622684,1.74493407194641,5.63952086553394,6.4306101795636,0,0.181321946080517,1.08606880612271,17.9387069235636
TCGA-GS-A9TW,0.660416128395567,2.93936122111228,1.47720397353919,4.55218666410884,4.60454962103283,0,0.228446975371151,1.05038804871315,14.2337176081887
TCGA-GS-A9TX,2.39237188942119,2.31102474659393,2.1405549121343,1.18235853290668,4.69508417040988,0,0.305084016933266,1.01574114816002,12.721394251466
TCGA-GS-A9TZ,0.660865342637702,2.19950948737823,2.87793384448885,4.30015712133294,6.15099939393398,0,0.193941656221869,1.06990075127048,16.1894651897717
TCGA-RQ-AAAT,4.41116855590678,2.00777068973402,1.15643674279417,1.67175049189438,3.31592442263111,0,0.324284476109515,1.06061871345102,12.5630509029605
DLBCL11488,1.42587381418527,1.70140093526157,2.11795526319626,3.05603880945461,4.62472110785255,0,0.232375666671742,1.0541524666628,12.9259899299503
DLBCL11489,1.32730618475258,1.4576563507471,2.01070387869982,6.66563642418801,5.85469544391938,0,0.20033063466733,1.08844690705582,17.3159982823069
DLBCL11490,0.0282061442665591,2.08727186246778,2.84376289710326,2.04530621208345,5.45165650820627,0,0.193597335615278,1.05999475069197,12.4562036241273
DLBCL11491,0.600140814439141,2.29513516111436,4.35130266393376,5.30453720548462,7.64937325078448,0,0.153805303631078,1.09124878990938,20.2004890957564
DLBCL11492,3.45502891014087,1.87086564321035,1.89612223372154,4.28372487631569,3.62983396507279,0,0.351172118849689,1.00256857447678,15.1355756284612
DLBCL11493,1.95513728355235,2.46035454671272,2.09376632920851,2.09562639835491,4.3205248919067,0,0.240219543501542,1.0476063800238,12.9254094497352
DLBCL11494,2.9216730592789,1.51390437433508,3.44356139902886,3.26254538525974,3.63448423946904,0,0.328849081408573,1.00167883491319,14.7761684573716
DLBCL11584,1.80026715808819,4.31210786371725,0.851793321783289,0,3.49222685759603,0,0.171303298249998,1.085428777507,10.4563952011848
DLBCL11585,0.375115564088356,0.933427838916279,3.29352263327628,0.887268490322157,6.17951219177259,0,0.17424876939333,1.08254742572003,11.6688467183757
DLBCL11586,0.853917550139949,2.35203549966112,1.73318481530304,1.29897529811484,5.14770446934591,0,0.153940143412746,1.08990570635099,11.3858176325649
DLBCL11587,2.13445653332781,3.94915221817246,2.10521413487763,1.07150311147144,4.3348148935385,0,0.26552179692984,1.02530649170948,13.5951408913878
DLBCL11495,2.45226372940605,3.37213189428359,2.99162017495223,6.88658766387608,7.76437169529244,0,0.20840097116819,1.07164004579874,23.4669751578104
DLBCL11589,0.922901977239344,3.51527416978769,1.86142944170945,1.43452403944536,4.47436628969028,0,0.262465915435282,1.0174661339481,12.2084959178721
DLBCL11496,0.711213731670593,2.06558853649112,5.0833598734525,4.71972927752453,5.11312308731611,0.05,0.101553359233869,1.11068586450064,17.6930145064549
DLBCL11590,2.38432639711123,2.1740243806444,1.81667985885817,2.84801563108391,3.90562460598661,0,0.271841964474145,1.0388868453617,13.1286708736843
DLBCL11497,0.317131485703994,3.68996963690945,3.4717192481149,1.23841131163027,3.96800754933394,0,0.252901211180065,1.01194245390505,12.6852392316926
DLBCL11498,5.1912161680559,0.444126075769718,3.56246699007722,0.351913153255925,4.39733547677216,0,0.522144985419519,0.904709257611888,13.9470578639309
DLBCL11499,0,3.53745450203737,4.03313660093201,0.712211864757235,5.17703856365475,0,0.163917911975502,1.06107278562703,13.4598415313814
DLBCL11500,2.52290985060334,1.77205466193252,3.18164996476678,1.99236837080908,3.03035643659822,0,0.190572952641705,1.08251506774923,12.4993392847099
DLBCL11591,0.648741935606402,0.668714967473567,3.51263241751124,4.81647910189453,8.14877913750676,0,0.145063097786424,1.11441635123826,17.7953475599925
DLBCL11501,2.76142575985278,2.35933940748759,3.104374868226,1.48927387361573,3.01245119300192,0,0.262560049541386,1.03886913900384,12.726865102184
DLBCL11455,0.899561932224816,3.42473899900648,4.28283222870303,2.01721601635629,5.27602212720842,0,0.226602772321572,1.0325341534231,15.900371303499
DLBCL11655,4.12901852737266,2.4324885134237,3.02742228071131,3.21396423272407,2.43403734329093,0,0.373538866198823,0.984287541448264,15.2369308975227
DLBCL11503,1.9124947923254,2.90256442454642,2.57666332304037,3.32451920324857,4.33904799318974,0,0.201926449031511,1.06471494023835,15.0552897363505
DLBCL11656,3.45047592082047,3.60984408169784,1.26264492606228,1.91289053932461,3.97437452728308,0,0.216509322364737,1.08575330869603,14.2102299951883
DLBCL11657,3.23576300102434,2.92114237160782,1.91228492090759,3.32422204104213,3.09259376667614,0,0.375755148714384,0.974600679509395,14.486006101258
DLBCL10846,2.89017725602304,4.09622916384228,1.74795195371278,2.04331091023871,3.60126186579461,0,0.231400425343411,1.05732272691762,14.3789311496114
DLBCL10847,0.756471400725733,4.62454668091694,1.5110857252574,1.51267604420509,2.90931531187286,0,0.172618485499045,1.05957151043451,11.314095162978
DLBCL10848,0.922350054671595,1.38475226405021,2.11931763586256,4.0604743521935,5.63395709004571,0,0.213225855390987,1.06990361691207,14.1208513968236
DLBCL11658,3.94489695997903,2.56092659910741,2.13004933522018,6.09975122830716,5.88407470889298,0,0.315409069237224,1.02274149597433,20.6196988315068
DLBCL11659,3.37545964735143,2.2590963085718,2.7322072216687,3.78772839405707,3.15189064713801,0,0.158449706614841,1.11597457365959,15.306382218787
DLBCL11660,1.91146276750197,2.69382385597255,2.0454713014506,4.98082085534324,6.46897904900328,0,0.138156339177035,1.11470882304825,18.1005578292716
DLBCL11661,0,5.58951822792778,0.361633463705795,2.6469564019503,3.85639486663561,0,0.216599852711712,1.0411989572233,12.4545029602195
DLBCL11662,2.02752807196964,1.92901049396368,1.771695800814,3.78388972300488,5.13217159883439,0,0.491237101449682,0.887768449890076,14.6442956885866
DLBCL11663,3.35288038976499,3.45318353822972,3.40064555234426,8.72949927717969,10.0426530239551,0,0.148046319057611,1.11518933370218,28.9788617814738
DLBCL11664,1.90815072770381,1.83405820112345,2.23574885585645,2.98283357357094,3.03622096228986,0,0.159327211091292,1.09867842714127,11.9970123205445
DLBCL11665,2.66606906888612,1.88552737445574,1.83005804679041,3.34029657965455,2.93785195995617,0,0.309570260623309,1.02161774474826,12.659803029743
DLBCL11666,4.67572609265178,1.58912857418097,2.56838182432516,4.12401558793951,4.42994095356195,0,0.344698304196444,1.01836934807494,17.3871930326594
DLBCL11668,1.01437493484084,1.88634989890069,1.79355062837399,5.30416930724951,6.26606615665927,0,0.22950388254171,1.06318862026774,16.2645109260243
DLBCL11669,1.78421435359092,2.12687478914397,2.25303422847111,3.94415847173907,5.87698279726918,0,0.175668186939814,1.09151694922513,15.9852646402143
DLBCL11670,1.48986416487497,3.26230621314438,0.870644036207837,1.10171158349722,4.78594472843401,0,0.212866620474218,1.06289189693367,11.5104707261584
DLBCL11671,3.6592636720485,1.92540563305418,2.74886180561713,3.90299150935202,3.41272002996511,0,0.171012287011701,1.11625729137612,15.6492426500369
DLBCL11672,2.3741623569893,2.9980486941097,2.09040123683836,4.53094216449945,3.10596583813982,0,0.202853204487715,1.07404645381958,15.0995202905766
DLBCL11673,1.06419404774639,2.27291072745052,1.99625585321037,3.3536341506145,5.97090121337293,0,0.230909636205456,1.05227986855079,14.6578959923947
DLBCL11674,1.97365036212853,3.69991927287808,2.43091745440257,7.22641742406411,11.1804572487714,0.01,0.129862729332301,1.12225147938606,26.5113617622447
DLBCL11675,0.854534680682902,4.24679531962809,1.14719422149747,3.19676708890361,5.10821300982616,0,0.205991222140516,1.05548570443635,14.5535043205382
DLBCL11676,0,2.34637071409574,2.2597135092762,4.8542585384737,8.24321292966108,0,0.213020836229255,1.06698838673778,17.7035556915067
DLBCL11677,2.87110063319875,2.34408426018813,1.04388131846763,5.210100370663,4.65127701114295,0,0.218242359762077,1.08733260614211,16.1204435936605
DLBCL11678,1.2243542418905,4.00282813431393,1.12540806348828,3.91205096874951,5.63704338504708,0,0.18288970288258,1.07610529734606,15.9016847934893
DLBCL11679,4.50111054798621,2.54318252808866,1.19593710916678,3.0773633975419,3.51611679117842,0,0.410588378726031,0.976997229552533,14.833710373962
DLBCL11680,3.10437942384493,0.466611158822165,2.43089188181499,4.43796974653716,3.93108554286393,0.04,0.110774511917861,1.16710493818087,14.3709377538832
DLBCL11681,5.16636736081819,4.08165363248577,0.920500134125469,2.4516918201138,4.35540592889891,0,0.436503466039355,0.953611500349331,16.9756188764421
DLBCL11682,5.04730962667932,2.84912430894238,0.909116529259821,4.19913857335149,4.88018662554004,0,0.328424547039736,1.03836768867027,17.884875663773
DLBCL11683,0.722484546268658,3.29127465717894,0.606937171051718,3.3340489838945,5.74938604130758,0,0.183928425462765,1.07983148127077,13.7041313997014
DLBCL11685,3.26721566742029,1.62700982129172,1.9099092848506,2.7466681021553,2.57579767409287,0,0.34261041694639,1.01306721500761,12.1266005498108
DLBCL11667,1.40117779826791,1.79641414605726,1.80047611557664,2.8854639499924,4.12970311631973,0,0.166746247272828,1.09315897761995,12.0132351262139
DLBCL11569,1.40841590994247,6.05050480808311,0,5.24441123482878,4.10560128811027,0.03,0.116716411886127,1.11371571794299,16.8089332409646
DLBCL11570,3.42091343115711,2.98297401906362,2.63347322361029,4.60400534627945,5.80197691489157,0,0.190735289360653,1.09055819832945,19.443342935002
DLBCL11576,3.44944855775423,1.70117567919653,2.53362496143961,2.91052071798979,2.58457127962374,0,0.348149267305353,1.00373835692339,13.1793411960039
DLBCL11684,1.6253357727709,2.09086012682349,1.16099537003999,2.11276974655529,3.70091251795185,0,0.178112421538423,1.09141992296356,10.6908735341415
DLBCL11002,3.86730685211946,1.25418052731499,5.57042376615831,5.61257505264318,4.7701599692883,0,0.35469520465124,0.9842892525938,21.0746461675242
DLBCL11558,1.63584735144824,1.99702711957895,1.36635725051478,3.65866991358099,3.12986016077284,0.03,0.11943555869643,1.12726386592576,11.7877617958958
DLBCL11559,0.940077340596443,3.69141550082656,0.583241011901245,6.74254682819248,6.01534494825012,0,0.205682564490927,1.0763516857843,17.9726256297668
DLBCL11560,5.32331809987583,2.80515480067459,1.98439956379999,1.89454808664287,3.71283407435702,0,0.483153469902877,0.923412358808924,15.7202546253503
DLBCL11563,4.57410811094422,1.88496587399861,1.32034031606489,3.72630974686366,3.210356125114,0,0.337142841286633,1.03952099576545,14.7160801729854
DLBCL11571,1.31430341624553,2.88391753898114,1.60237353498524,5.09029439229969,5.96338610018,0,0.182583683992007,1.08527395389366,16.8542749826916
DLBCL11572,2.31211722404356,1.73289060755365,1.37672450387697,2.48503249787752,3.90798872266815,0,0.224027110565643,1.07841943489687,11.8147535560199
DLBCL11573,1.33402613818914,2.29804416255177,1.93571511681157,3.62072340321147,6.4237423533532,0,0.186662679479869,1.08279915684773,15.6122511741171
DLBCL11574,1.96715781589961,5.39114521456396,0.527348670960928,1.5414620759141,3.09193374319143,0,0.305129491877177,1.00182360893573,12.51904752053
DLBCL11515,0.978336443850486,3.57818612752331,1.61910828647388,4.21794417684587,3.75978290749892,0,0.213723242045104,1.05303843942872,14.1533579421925
DLBCL11575,2.55896732641397,2.10465193270286,2.24978089336347,2.47180209290322,3.39584112108986,0,0.151246635214427,1.11238469941416,12.7810433664734
DLBCL11577,2.06139174935632,3.44444076631851,0.0537296298570698,6.09147371079725,4.97824058455392,0,0.161388329060025,1.11468937337141,16.6292764408831
DLBCL11578,0.670620406198671,1.75878818357104,0.716992663905635,4.63648813035073,5.8857993413193,0,0.172147656161744,1.10569024789206,13.6686887253454
DLBCL11579,1.246010150431,1.94577651089942,2.9146676055511,2.11621919012082,4.36214918620911,0,0.195351948894467,1.0632503257652,12.5848226432114
